dim,points,k,time_ms,status
3,0,40,0.0,empty
3,100000,40,1020.0595604255795,ok
3,500000,40,3106.9243168458343,ok
3,1000000,40,9057.413629256189,ok
3,1500000,40,14463.091383688152,ok
3,2000000,40,18152.60378550738,ok
3,2500000,40,27594.950767233968,ok
3,3000000,40,39031.80710878223,ok
3,3500000,40,54048.74232690781,ok
3,4000000,40,70090.41730687022,ok
3,4500000,40,87950.01650601625,ok
3,5000000,40,108090.90202115476,ok
5,0,40,0.0,empty
5,100000,40,644.3651532754302,ok
5,500000,40,3083.8458882644773,ok
5,1000000,40,9070.657509379089,ok
5,1500000,40,14471.873759292066,ok
5,2000000,40,18136.892810463905,ok
5,2500000,40,27563.466153107584,ok
5,3000000,40,39054.13574632257,ok
5,3500000,40,54148.04261364043,ok
5,4000000,40,70159.40605197102,ok
5,4500000,40,87960.60890424997,ok
5,5000000,40,108174.73560478538,ok
3,0,10,0.0,empty
3,100000,10,631.4630080014467,ok
3,500000,10,1934.6412494778633,ok
3,1000000,10,4671.749200671911,ok
3,1500000,10,9459.976577199996,ok
3,2000000,10,18114.86839968711,ok
3,2500000,10,27589.984158985317,ok
3,3000000,10,38947.06360716373,ok
3,3500000,10,53736.11415922642,ok
3,4000000,10,69329.7538086772,ok
3,4500000,10,86909.73014105111,ok
3,5000000,10,106584.57335364074,ok
3,0,100,0.0,empty
3,100000,100,588.9781443402171,ok
3,500000,100,3547.942698933184,ok
3,1000000,100,10129.405164159834,ok
3,1500000,100,18548.700110055506,ok
3,2000000,100,20468.393676914275,ok
3,2500000,100,30741.98759626597,ok
3,3000000,100,42945.955506525934,ok
3,3500000,100,58658.55108574033,ok
3,4000000,100,75368.15368104726,ok
3,4500000,100,94176.71721242368,ok
3,5000000,100,114949.63496364653,ok
2,5000000,40,108223.3115490526,ok
4,5000000,40,108165.77679198235,ok
6,5000000,40,108306.54544010758,ok
7,5000000,40,108083.76286365092,ok
8,5000000,40,108168.00441034138,ok
9,5000000,40,108108.59807860106,ok
10,5000000,40,108070.69769874215,ok
3,0,40,0.0,empty
3,100000,40,644.4138791412115,ok
3,500000,40,3102.115010842681,ok
3,1000000,40,9107.322694733739,ok
3,1500000,40,14389.827725477517,ok
3,2000000,40,18141.192640177906,ok
3,2500000,40,27624.289727769792,ok
3,3000000,40,38953.30139063299,ok
3,3500000,40,54073.21767695248,ok
3,4000000,40,70140.66705014557,ok
3,4500000,40,87945.8578247577,ok
3,5000000,40,108139.03434108943,ok
5,0,40,0.0,empty
5,100000,40,644.3288754671812,ok
5,500000,40,3084.8123729228973,ok
5,1000000,40,9116.858542896807,ok
5,1500000,40,14464.16588127613,ok
5,2000000,40,18155.716427601874,ok
5,2500000,40,27703.78657337278,ok
5,3000000,40,38958.243236877024,ok
5,3500000,40,54124.43508673459,ok
5,4000000,40,70074.82898887247,ok
5,4500000,40,88089.73061293364,ok
5,5000000,40,108174.99377019703,ok
3,0,10,0.0,empty
3,100000,10,631.5524652600288,ok
3,500000,10,1934.5394596457481,ok
3,1000000,10,4671.643695794046,ok
3,1500000,10,9456.017817370594,ok
3,2000000,10,18101.53387207538,ok
3,2500000,10,27580.49617987126,ok
3,3000000,10,38939.51617926359,ok
3,3500000,10,53720.16709018499,ok
3,4000000,10,69287.92775887996,ok
3,4500000,10,86871.96384556592,ok
3,5000000,10,106592.8086573258,ok
3,0,100,0.0,empty
3,100000,100,589.1439216211438,ok
3,500000,100,3560.7561273500323,ok
3,1000000,100,10124.987130053341,ok
3,1500000,100,18536.44143231213,ok
3,2000000,100,20426.73377133906,ok
3,2500000,100,30786.01494524628,ok
3,3000000,100,42832.67031610012,ok
3,3500000,100,58729.01915200055,ok
3,4000000,100,75352.41809301078,ok
3,4500000,100,94073.76583013684,ok
3,5000000,100,114956.58659376204,ok
2,5000000,40,108318.71839612722,ok
4,5000000,40,108135.17619203776,ok
6,5000000,40,108227.14838664979,ok
7,5000000,40,108270.92938311398,ok
8,5000000,40,108107.50804655254,ok
9,5000000,40,108058.54361038655,ok
10,5000000,40,108135.39380021393,ok
3,0,40,0.0,empty
3,100000,40,899.2877993732691,ok
3,500000,40,3088.9295395463705,ok
3,1000000,40,9125.722889788449,ok
3,1500000,40,14420.610220171511,ok
3,2000000,40,18146.197678521276,ok
3,2500000,40,27585.424817167222,ok
3,3000000,40,39098.56846276671,ok
3,3500000,40,54032.746504060924,ok
3,4000000,40,70112.33726982027,ok
3,4500000,40,87938.11605405062,ok
3,5000000,40,108102.86063328385,ok
5,0,40,0.0,empty
5,100000,40,644.7215061634779,ok
5,500000,40,3105.4468434304,ok
5,1000000,40,9065.612324513495,ok
5,1500000,40,14444.07484959811,ok
5,2000000,40,18154.68320157379,ok
5,2500000,40,27594.312489032745,ok
5,3000000,40,39005.60790114105,ok
5,3500000,40,54062.38243356347,ok
5,4000000,40,70007.9783173278,ok
5,4500000,40,88053.24191506952,ok
5,5000000,40,108266.36382937431,ok
3,0,10,0.0,empty
3,100000,10,631.4988285303116,ok
3,500000,10,1934.3400094658136,ok
3,1000000,10,4667.711967602372,ok
3,1500000,10,9457.354695536196,ok
3,2000000,10,18112.586287781596,ok
3,2500000,10,27570.285115391016,ok
3,3000000,10,38922.98719845712,ok
3,3500000,10,53741.60114303231,ok
3,4000000,10,69302.37682443112,ok
3,4500000,10,86902.24547777325,ok
3,5000000,10,106675.0215087086,ok
3,0,100,0.0,empty
3,100000,100,588.006429374218,ok
3,500000,100,3549.630329012871,ok
3,1000000,100,10125.398180447519,ok
3,1500000,100,18588.562190532684,ok
3,2000000,100,20439.47776965797,ok
3,2500000,100,30705.683854408562,ok
3,3000000,100,42896.3221097365,ok
3,3500000,100,58812.006726861,ok
3,4000000,100,75365.86033552885,ok
3,4500000,100,94071.42668031156,ok
3,5000000,100,115105.03999702632,ok
2,5000000,40,108307.59708303958,ok
4,5000000,40,108130.42424526066,ok
6,5000000,40,108193.81555262953,ok
7,5000000,40,108251.27087812871,ok
8,5000000,40,108223.56101125479,ok
9,5000000,40,345051.29218194634,ok
10,5000000,40,251129.91184811108,ok
3,0,40,0.0,empty
3,100000,40,685.009882086888,ok
3,500000,40,1284.784710034728,ok
3,1000000,40,4747.193772112951,ok
3,1500000,40,10113.573356997222,ok
3,2000000,40,17547.26565699093,ok
3,2500000,40,26907.55742508918,ok
3,3000000,40,38306.29976396449,ok
3,3500000,40,51769.55236890353,ok
3,4000000,40,67166.62452998571,ok
3,4500000,40,84645.85182303563,ok
3,5000000,40,104013.67515698075,ok
5,0,40,0.0,empty
5,100000,40,2372.6502931676805,ok
5,500000,40,3122.5647449027747,ok
5,1000000,40,7246.919042896479,ok
5,1500000,40,15386.232471093535,ok
5,2000000,40,26693.81573679857,ok
5,2500000,40,41247.604315169156,ok
5,3000000,40,58553.70493209921,ok
5,3500000,40,79989.10770495422,ok
5,4000000,40,103705.21393814124,ok
5,4500000,40,130680.40631897748,ok
5,5000000,40,162145.16524388455,ok
3,0,10,0.0,empty
3,100000,10,39.04628800228238,ok
3,500000,10,1197.1488478593528,ok
3,1000000,10,4585.232279030606,ok
3,1500000,10,9949.328273069113,ok
3,2000000,10,17403.747161850333,ok
3,2500000,10,26807.262304006144,ok
3,3000000,10,38209.27124610171,ok
3,3500000,10,51672.11254313588,ok
3,4000000,10,67132.20217591152,ok
3,4500000,10,84580.30587201938,ok
3,5000000,10,104051.3168789912,ok
3,0,100,0.0,empty
3,100000,100,628.7234479095787,ok
3,500000,100,1676.7256590537727,ok
3,1000000,100,5248.184737982228,ok
3,1500000,100,10938.439090969041,ok
3,2000000,100,18714.090122142807,ok
3,2500000,100,28627.072889823467,ok
3,3000000,100,40560.57389406487,ok
3,3500000,100,54692.39464402199,ok
3,4000000,100,70867.19667701982,ok
3,4500000,100,89267.64826592989,ok
3,5000000,100,109536.78746405058,ok
2,5000000,40,89716.77919407375,ok
4,5000000,40,153482.76555887423,ok
6,5000000,40,294145.77366109006,ok
7,5000000,40,342169.533245964,ok
8,5000000,40,330655.03928717226,ok
9,5000000,40,400184.22460812144,ok
10,5000000,40,481694.3497848697,ok
3,0,10,0.0,empty
3,0,10,0.0,empty
3,0,10,0.0,empty
3,0,10,0.0,empty
3,0,10,0.0,empty
3,0,10,0.0,empty
3,0,40,0.0,empty
3,0,40,0.0,empty
3,0,40,0.0,empty
3,0,40,0.0,empty
3,0,40,0.0,empty
3,0,40,0.0,empty
3,0,100,0.0,empty
3,0,100,0.0,empty
3,0,100,0.0,empty
3,0,100,0.0,empty
3,0,100,0.0,empty
3,0,100,0.0,empty
5,0,40,0.0,empty
5,0,40,0.0,empty
5,0,40,0.0,empty
5,0,40,0.0,empty
5,0,40,0.0,empty
5,0,40,0.0,empty
3,100000,10,411.8170770816505,ok
3,100000,10,100.50947801209986,ok
3,100000,10,99.18342996388674,ok
3,100000,10,36.56934108585119,ok
3,100000,10,36.43253189511597,ok
3,100000,10,36.39460983686149,ok
3,100000,40,677.8853901196271,ok
3,100000,40,890.0584308430552,ok
3,100000,40,1130.9730929788202,ok
3,100000,40,1184.6443510148674,ok
3,100000,40,829.4078879989684,ok
3,100000,40,1154.390440089628,ok
3,100000,100,1355.5650010239333,ok
3,100000,100,1346.4684300124645,ok
3,100000,100,1364.8619409650564,ok
3,100000,100,1366.1691439338028,ok
3,100000,100,1388.790925964713,ok
3,100000,100,979.6356859151274,ok
5,100000,40,3961.4097189623863,ok
5,100000,40,4767.703284043819,ok
5,100000,40,2367.837517056614,ok
5,100000,40,2368.1042108219117,ok
5,100000,40,2739.105553831905,ok
5,100000,40,4710.317250108346,ok
3,500000,10,2612.0810541324317,ok
3,500000,10,1458.4723529405892,ok
3,500000,10,1197.4103660322726,ok
3,500000,10,2303.483024938032,ok
3,500000,10,2065.782368183136,ok
3,500000,10,2078.8290619384497,ok
3,500000,40,2673.5891811549664,ok
3,500000,40,2075.746098998934,ok
3,500000,40,2197.3934250418097,ok
3,500000,40,2865.0254330132157,ok
3,500000,40,1376.3753501698375,ok
3,500000,40,1280.2119120024145,ok
3,500000,100,1677.1003629546613,ok
3,500000,100,1673.08395402506,ok
3,500000,100,1678.4545457921922,ok
3,500000,100,1676.3766340445727,ok
3,500000,100,1672.0198709517717,ok
3,500000,100,1673.0232890695333,ok
5,500000,40,3524.0521179512143,ok
5,500000,40,3579.4195670168847,ok
5,500000,40,4890.975635033101,ok
5,500000,40,3976.3494608923793,ok
5,500000,40,4530.146318022162,ok
5,500000,40,5151.4155231416225,ok
3,1000000,10,7945.622406899929,ok
3,1000000,10,7240.360299125314,ok
3,1000000,10,4592.389538884163,ok
3,1000000,10,4587.410388048738,ok
3,1000000,10,4592.140037100762,ok
3,1000000,10,5427.95549496077,ok
3,1000000,40,5839.2989879939705,ok
3,1000000,40,7081.103733973578,ok
3,1000000,40,7640.696136979386,ok
3,1000000,40,5577.644007978961,ok
3,1000000,40,8718.528181081638,ok
3,1000000,40,5193.525346927345,ok
3,1000000,100,5266.282544005662,ok
3,1000000,100,6127.250049030408,ok
3,1000000,100,6064.991053193808,ok
3,1000000,100,5245.978660881519,ok
3,1000000,100,5238.059247145429,ok
3,1000000,100,5257.145843934268,ok
5,1000000,40,9679.672506870702,ok
5,1000000,40,11268.290369072929,ok
5,1000000,40,12463.624608935788,ok
5,1000000,40,8226.806650869548,ok
5,1000000,40,10480.39458389394,ok
5,1000000,40,11385.645827976987,ok
3,1500000,10,13517.568501178175,ok
3,1500000,10,10903.77293410711,ok
3,1500000,10,13443.767848890275,ok
3,1500000,10,16487.787100020796,ok
3,1500000,10,12922.119930852205,ok
3,1500000,10,15397.901037940755,ok
3,1500000,40,16707.76444999501,ok
3,1500000,40,10955.456952098757,ok
3,1500000,40,13907.023711130023,ok
3,1500000,40,19834.827363025397,ok
3,1500000,40,14263.143795076758,ok
3,1500000,40,14740.992192877457,ok
3,1500000,100,16307.431464083493,ok
3,1500000,100,14204.14865296334,ok
3,1500000,100,11657.36026596278,ok
3,1500000,100,13902.149921050295,ok
3,1500000,100,15534.991378895938,ok
3,1500000,100,11244.117181980982,ok
5,1500000,40,16264.650979079306,ok
5,1500000,40,17522.44888106361,ok
5,1500000,40,19100.13542091474,ok
5,1500000,40,22885.987009154633,ok
5,1500000,40,15546.10701277852,ok
5,1500000,40,17949.285665992647,ok
3,2000000,10,24077.816727105528,ok
3,2000000,10,25349.37986312434,ok
3,2000000,10,28314.641449134797,ok
3,2000000,10,23608.04699594155,ok
3,2000000,10,19007.595067145303,ok
3,2000000,10,22515.915267169476,ok
3,2000000,40,20682.390682864934,ok
3,2000000,40,17512.99590105191,ok
3,2000000,40,17523.321276996285,ok
3,2000000,40,19170.2209119685,ok
3,2000000,40,18916.728798067197,ok
3,2000000,40,21024.002959020436,ok
3,2000000,100,27724.27178081125,ok
3,2000000,100,26353.64244901575,ok
3,2000000,100,22962.058449164033,ok
3,2000000,100,25600.022766040638,ok
3,2000000,100,18743.693825090304,ok
3,2000000,100,21267.265803879127,ok
5,2000000,40,27510.77100005932,ok
5,2000000,40,36593.163575045764,ok
5,2000000,40,27469.65810493566,ok
5,2000000,40,29227.025028085336,ok
5,2000000,40,26673.677551792935,ok
5,2000000,40,30865.94455409795,ok
3,2500000,10,35547.833404969424,ok
3,2500000,10,27887.854220112786,ok
3,2500000,10,28225.494435057044,ok
3,2500000,10,27172.575953882188,ok
3,2500000,10,28450.44573699124,ok
3,2500000,10,28988.483829889446,ok
3,2500000,40,28640.58699598536,ok
3,2500000,40,31300.205994863063,ok
3,2500000,40,34032.8172671143,ok
3,2500000,40,26927.738870028406,ok
3,2500000,40,34433.803423075005,ok
3,2500000,40,28991.306090028957,ok
3,2500000,100,34068.414330948144,ok
3,2500000,100,46247.957373037934,ok
3,2500000,100,46668.46871981397,ok
3,2500000,100,42500.45258295722,ok
3,2500000,100,45087.494550971314,ok
3,2500000,100,45631.42283610068,ok
5,2500000,40,64965.58406809345,ok
5,2500000,40,66415.98191484809,ok
5,2500000,40,63319.51081799343,ok
5,2500000,40,61234.16602797806,ok
5,2500000,40,68150.22047213279,ok
5,2500000,40,72919.75937690586,ok
3,3000000,10,55414.644280215725,ok
3,3000000,10,38891.29635784775,ok
3,3000000,10,38490.072363987565,ok
3,3000000,10,39552.96523193829,ok
3,3000000,10,41472.732136026025,ok
3,3000000,10,41333.396152826026,ok
3,3000000,40,45771.283256821334,ok
3,3000000,40,38289.00825907476,ok
3,3000000,40,52416.896698996425,ok
3,3000000,40,59329.03370517306,ok
3,3000000,40,56885.85480698384,ok
3,3000000,40,57529.19237408787,ok
3,3000000,100,55031.68549598195,ok
3,3000000,100,61559.31964307092,ok
3,3000000,100,61578.56126502156,ok
3,3000000,100,61836.69955492951,ok
3,3000000,100,61522.8819809854,ok
3,3000000,100,59487.873915117234,ok
5,3000000,40,78559.08727203496,ok
5,3000000,40,85435.01464300789,ok
5,3000000,40,85119.75138587877,ok
5,3000000,40,81676.5701060649,ok
5,3000000,40,87904.58757802844,ok
5,3000000,40,88446.59442012198,ok
3,3500000,10,74654.63741798885,ok
3,3500000,10,62777.20997505821,ok
3,3500000,10,71748.6555420328,ok
3,3500000,10,71674.39881479368,ok
3,3500000,10,74319.37293894589,ok
3,3500000,10,60368.564980104566,ok
3,3500000,40,65357.60613786988,ok
3,3500000,40,72542.83581790514,ok
3,3500000,40,82541.69609188102,ok
3,3500000,40,100195.1409089379,ok
3,3500000,40,106850.98570305854,ok
3,3500000,40,108888.01552611403,ok
3,3500000,100,105231.90587712452,ok
3,3500000,100,111580.1976681687,ok
3,3500000,100,113852.00578300282,ok
3,3500000,100,101677.38102702424,ok
3,3500000,100,91830.75430803001,ok
3,3500000,100,109412.14905912057,ok
5,3500000,40,167986.4488209132,ok
5,3500000,40,137839.86669103615,ok
5,3500000,40,145474.45230884477,ok
5,3500000,40,167190.8699919004,ok
5,3500000,40,134825.28346707113,ok
5,3500000,40,128155.7041250635,ok
3,4000000,10,105330.97329293378,ok
3,4000000,10,121403.06159108877,ok
3,4000000,10,107310.53857505322,ok
3,4000000,10,150182.0106280502,ok
3,4000000,10,141664.4511919003,ok
3,4000000,10,136967.33060805127,ok
3,4000000,40,157279.19446700253,ok
3,4000000,40,165722.34676405787,ok
3,4000000,40,153543.41148980893,ok
3,4000000,40,143458.6363809649,ok
3,4000000,40,116928.18204802461,ok
3,4000000,40,125491.8044868391,ok
3,4000000,100,131535.641646944,ok
3,4000000,100,131889.1305779107,ok
3,4000000,100,133233.04808186367,ok
3,4000000,100,148893.7622050289,ok
3,4000000,100,139428.6864749156,ok
3,4000000,100,130480.31510598958,ok
5,4000000,40,196340.93792899512,ok
5,4000000,40,205979.55692512915,ok
5,4000000,40,196196.02904305793,ok
5,4000000,40,208381.58789789304,ok
5,4000000,40,180182.83310392871,ok
5,4000000,40,116419.18650409207,ok
3,4500000,10,94502.60743591934,ok
3,4500000,10,85280.51634295844,ok
3,4500000,10,89475.96346307546,ok
3,4500000,10,116167.37622697838,ok
3,4500000,10,93479.05378509313,ok
3,4500000,10,91255.79070392996,ok
3,4500000,40,103195.44799090363,ok
3,4500000,40,98475.23740795441,ok
3,4500000,40,107963.155685924,ok
3,4500000,40,96733.39825705625,ok
3,4500000,40,99071.65783783421,ok
3,4500000,40,95777.80056977645,ok
3,4500000,100,107915.58577097021,ok
3,4500000,100,92545.37062696181,ok
3,4500000,100,110819.09290887415,ok
3,4500000,100,118821.24304794706,ok
3,4500000,100,90166.74784501083,ok
3,4500000,100,105266.99916389771,ok
5,4500000,40,153207.42852799594,ok
5,4500000,40,136085.4034628719,ok
5,4500000,40,132194.444228895,ok
5,4500000,40,150600.4736679606,ok
5,4500000,40,155122.3930111155,ok
5,4500000,40,144772.27562200278,ok
3,5000000,10,124683.97052399814,ok
3,5000000,10,126058.07568784803,ok
3,5000000,10,120467.1062680427,ok
3,5000000,10,115165.94006796367,ok
3,5000000,10,109731.51663597673,ok
3,5000000,10,113451.58529514447,ok
3,5000000,40,121459.55414697528,ok
3,5000000,40,109862.74369596504,ok
3,5000000,40,138085.58181417175,ok
3,5000000,40,129150.82375286147,ok
3,5000000,40,119627.0893800538,ok
3,5000000,40,127454.95955692604,ok
3,5000000,100,131075.59542707168,ok
3,5000000,100,156892.18927081674,ok
3,5000000,100,142631.56122504734,ok
3,5000000,100,115137.19294406474,ok
3,5000000,100,110630.79021009617,ok
3,5000000,100,138327.66203582287,ok
5,5000000,40,228745.1661939267,ok
5,5000000,40,220380.7674930431,ok
5,5000000,40,218617.78107099235,ok
5,5000000,40,202490.2633340098,ok
5,5000000,40,216852.77515114285,ok
5,5000000,40,201589.94818408974,ok
2,5000000,40,125635.51184907556,ok
2,5000000,40,95824.47550701909,ok
2,5000000,40,100186.18983915076,ok
2,5000000,40,108476.60174104385,ok
2,5000000,40,121400.14399401844,ok
2,5000000,40,116634.0547290165,ok
4,5000000,40,183128.73369292356,ok
4,5000000,40,200327.53045810387,ok
4,5000000,40,194543.90780301765,ok
4,5000000,40,179094.58453697152,ok
4,5000000,40,226691.7739319615,ok
4,5000000,40,223570.6315790303,ok
6,5000000,40,318643.94816802815,ok
6,5000000,40,271538.36265113205,ok
6,5000000,40,316476.86752304435,ok
6,5000000,40,316105.2427010145,ok
6,5000000,40,266414.65314198285,ok
6,5000000,40,267471.2686701678,ok
7,5000000,40,316529.23648199067,ok
7,5000000,40,311904.46054399945,ok
7,5000000,40,295144.09265411086,ok
7,5000000,40,305266.6537940968,ok
7,5000000,40,338956.6248799674,ok
7,5000000,40,333348.39512291364,ok
8,5000000,40,277728.24644390494,ok
8,5000000,40,276008.6382711306,ok
8,5000000,40,295089.0219779685,ok
8,5000000,40,274220.18598904833,ok
8,5000000,40,291437.1153200045,ok
8,5000000,40,287137.2160690371,ok
9,5000000,40,287934.0074090287,ok
9,5000000,40,345775.1078780275,ok
9,5000000,40,340599.2408590391,ok
9,5000000,40,336485.508415848,ok
9,5000000,40,334645.6175411586,ok
9,5000000,40,320629.5947369654,ok
10,5000000,40,339213.13041704707,ok
10,5000000,40,340635.8404571656,ok
10,5000000,40,351387.21771282144,ok
10,5000000,40,350720.04623315297,ok
10,5000000,40,338743.01114911214,ok
10,5000000,40,425421.38033593073,ok
3,500000,40,,error
5,500000,40,,error
3,5000000,40,,error
2,1000000,10,4450.151366181672,ok
2,1000000,10,3924.3117761798203,ok
2,1000000,10,3922.6393960416317,ok
2,1000000,10,3920.553341973573,ok
2,1000000,10,3919.703175779432,ok
2,1000000,10,3920.2784430235624,ok
2,1000000,10,3919.6016122587025,ok
2,1000000,10,3920.514399651438,ok
2,1000000,10,3919.4817380048335,ok
2,1000000,10,3920.569681096822,ok
2,1000000,40,4115.928678773344,ok
2,1000000,40,4126.611579209566,ok
2,1000000,40,4121.984443161637,ok
2,1000000,40,4118.991337250918,ok
2,1000000,40,4117.786269634962,ok
2,1000000,40,4121.906576212496,ok
2,1000000,40,4123.918358702213,ok
2,1000000,40,4115.232092794031,ok
2,1000000,40,4112.81207902357,ok
2,1000000,40,4119.990244973451,ok
2,1000000,100,4639.972425997257,ok
2,1000000,100,4645.149409770966,ok
2,1000000,100,4655.329429078847,ok
2,1000000,100,4645.923242904246,ok
2,1000000,100,4634.6917459741235,ok
2,1000000,100,4635.610362049192,ok
2,1000000,100,4640.751838684082,ok
2,1000000,100,4649.735497776419,ok
2,1000000,100,4642.552132252604,ok
2,1000000,100,4644.607226364315,ok
4,1000000,10,5900.216593872756,ok
4,1000000,10,5875.817381776869,ok
4,1000000,10,5867.013283073902,ok
4,1000000,10,5860.126597806811,ok
4,1000000,10,5866.632783785462,ok
4,1000000,10,5872.757088858634,ok
4,1000000,10,5871.208591852337,ok
4,1000000,10,5868.859951850027,ok
4,1000000,10,5873.341513797641,ok
4,1000000,10,5870.5988097935915,ok
4,1000000,40,6034.8109039478,ok
4,1000000,40,6029.798009432852,ok
4,1000000,40,6042.286935728043,ok
4,1000000,40,6031.31664916873,ok
4,1000000,40,6039.348301943392,ok
4,1000000,40,6032.895704265684,ok
4,1000000,40,6048.22807572782,ok
4,1000000,40,6030.528686009347,ok
4,1000000,40,6036.60976793617,ok
4,1000000,40,6044.0233293920755,ok
4,1000000,100,6566.607932094485,ok
4,1000000,100,6575.482634827495,ok
4,1000000,100,6564.881628844887,ok
4,1000000,100,6579.2171522043645,ok
4,1000000,100,6579.30944673717,ok
4,1000000,100,6576.641875319183,ok
4,1000000,100,6570.014072116464,ok
4,1000000,100,6576.373405754566,ok
4,1000000,100,6561.959709040821,ok
4,1000000,100,6564.189414028078,ok
6,1000000,10,10412.822982762009,ok
6,1000000,10,10375.16138004139,ok
6,1000000,10,10373.955439776182,ok
6,1000000,10,10352.176670916378,ok
6,1000000,10,10373.307255096734,ok
6,1000000,10,10372.821944765747,ok
6,1000000,10,10369.346603285521,ok
6,1000000,10,10369.247776921839,ok
6,1000000,10,10360.92692008242,ok
6,1000000,10,10366.040806286037,ok
6,1000000,40,12791.178137995303,ok
6,1000000,40,12764.463781379163,ok
6,1000000,40,12781.542043201625,ok
6,1000000,40,12865.835226606578,ok
6,1000000,40,12807.373230345547,ok
6,1000000,40,12820.589182432741,ok
6,1000000,40,12863.44292620197,ok
6,1000000,40,12796.974203083664,ok
6,1000000,40,12726.207599975169,ok
6,1000000,40,12851.461029145867,ok
6,1000000,100,13372.763732913882,ok
6,1000000,100,13398.287230171263,ok
6,1000000,100,13384.997831191868,ok
6,1000000,100,13470.31264519319,ok
6,1000000,100,13518.089902121574,ok
6,1000000,100,13419.756540097296,ok
6,1000000,100,13544.537502340972,ok
6,1000000,100,13441.18007319048,ok
6,1000000,100,13475.67452210933,ok
6,1000000,100,13483.1412457861,ok
7,1000000,10,13952.181791886687,ok
7,1000000,10,13920.474960003048,ok
7,1000000,10,13793.977015186101,ok
7,1000000,10,13802.923414856195,ok
7,1000000,10,13665.943548083305,ok
7,1000000,10,13814.583704806864,ok
7,1000000,10,13799.898317083716,ok
7,1000000,10,13753.989451099187,ok
7,1000000,10,13860.907836817205,ok
7,1000000,10,13834.058688953519,ok
7,1000000,40,14125.271891709417,ok
7,1000000,40,14265.571143943816,ok
7,1000000,40,14199.143192730844,ok
7,1000000,40,14182.20555409789,ok
7,1000000,40,14113.993213046342,ok
7,1000000,40,14171.637526713312,ok
7,1000000,40,14200.270351022482,ok
7,1000000,40,14190.144619904459,ok
7,1000000,40,14183.444730006158,ok
7,1000000,40,14097.039403393865,ok
7,1000000,100,15082.817409187555,ok
7,1000000,100,15061.568170785904,ok
7,1000000,100,15173.451585229486,ok
7,1000000,100,15111.377446912229,ok
7,1000000,100,15063.363935332745,ok
7,1000000,100,15192.60271731764,ok
7,1000000,100,15105.850197840482,ok
7,1000000,100,15134.159894194454,ok
7,1000000,100,15213.406446389854,ok
7,1000000,100,15093.580679036677,ok
8,1000000,10,12704.203696921468,ok
8,1000000,10,12774.181051179767,ok
8,1000000,10,12845.465114805847,ok
8,1000000,10,12775.873490143567,ok
8,1000000,10,12846.076291054487,ok
8,1000000,10,12864.08998304978,ok
8,1000000,10,12833.786136005074,ok
8,1000000,10,12780.98101587966,ok
8,1000000,10,12776.99313685298,ok
8,1000000,10,12914.80977088213,ok
8,1000000,40,13264.61590686813,ok
8,1000000,40,13329.003632999957,ok
8,1000000,40,13432.549577672035,ok
8,1000000,40,13198.869795072824,ok
8,1000000,40,13381.609824020416,ok
8,1000000,40,13352.990227751434,ok
8,1000000,40,13233.756153378636,ok
8,1000000,40,13208.62019667402,ok
8,1000000,40,13315.607009921223,ok
8,1000000,40,13273.321575019509,ok
8,1000000,100,14587.621957994998,ok
8,1000000,100,14724.649741314352,ok
8,1000000,100,14612.63305367902,ok
8,1000000,100,14489.916837774217,ok
8,1000000,100,14473.897815681994,ok
8,1000000,100,14644.314444623888,ok
8,1000000,100,14701.358697842807,ok
8,1000000,100,14713.20964070037,ok
8,1000000,100,14631.113485898823,ok
8,1000000,100,14764.64677695185,ok
9,1000000,10,14426.883148029447,ok
9,1000000,10,14381.734848953784,ok
9,1000000,10,14342.960319016129,ok
9,1000000,10,14382.482863031328,ok
9,1000000,10,14421.70819081366,ok
9,1000000,10,14390.295499004424,ok
9,1000000,10,14272.143410053104,ok
9,1000000,10,14388.849746901542,ok
9,1000000,10,14474.865166004747,ok
9,1000000,10,14446.06226682663,ok
9,1000000,40,14983.30853227526,ok
9,1000000,40,15000.030491966754,ok
9,1000000,40,14997.583376709372,ok
9,1000000,40,15034.164437558502,ok
9,1000000,40,15011.841529980302,ok
9,1000000,40,14937.663225922734,ok
9,1000000,40,14889.378390740603,ok
9,1000000,40,15027.43844408542,ok
9,1000000,40,14930.832701735198,ok
9,1000000,40,14949.192757718265,ok
9,1000000,100,16193.298334255815,ok
9,1000000,100,16259.601225145161,ok
9,1000000,100,16137.910692952573,ok
9,1000000,100,16079.35291994363,ok
9,1000000,100,16060.954269953072,ok
9,1000000,100,16043.674502987415,ok
9,1000000,100,16324.199899099767,ok
9,1000000,100,16107.407904230058,ok
9,1000000,100,16091.260801069438,ok
9,1000000,100,16215.337350964546,ok
10,1000000,10,15451.95331517607,ok
10,1000000,10,15418.43289975077,ok
10,1000000,10,15465.700180735439,ok
10,1000000,10,15525.139402132481,ok
10,1000000,10,15702.253849245608,ok
10,1000000,10,15572.738490998745,ok
10,1000000,10,15410.057246685028,ok
10,1000000,10,15412.248187232763,ok
10,1000000,10,15509.073933120817,ok
10,1000000,10,15540.762248914689,ok
10,1000000,40,16152.927563060075,ok
10,1000000,40,16145.687486976385,ok
10,1000000,40,16120.820649899542,ok
10,1000000,40,16053.413576912135,ok
10,1000000,40,16179.795172065496,ok
10,1000000,40,16083.841455634683,ok
10,1000000,40,16178.833508864045,ok
10,1000000,40,16148.335303645581,ok
10,1000000,40,16170.06284976378,ok
10,1000000,40,16136.58461207524,ok
10,1000000,100,17227.048872038722,ok
10,1000000,100,17354.819181840867,ok
10,1000000,100,17379.392023198307,ok
10,1000000,100,17357.217618264258,ok
10,1000000,100,17366.114316973835,ok
10,1000000,100,17364.589363802224,ok
10,1000000,100,17377.155598718673,ok
10,1000000,100,17392.407558858395,ok
10,1000000,100,17414.828071836382,ok
10,1000000,100,17394.41557461396,ok
